<?xml version="1.0"?>
<!DOCTYPE hibernate-mapping PUBLIC "-//Hibernate/Hibernate Mapping DTD 3.0//EN" "http://hibernate.sourceforge.net/hibernate-mapping-3.0.dtd">

<hibernate-mapping default-lazy="false" auto-import="false">
	<import class="org.xmlportletfactory.olafk.customer.model.Customer" />
	<import class="org.xmlportletfactory.olafk.customer.model.Invoices" />
	<class name="org.xmlportletfactory.olafk.customer.model.impl.CustomerImpl" table="customer_Customer">
		<cache usage="read-write" />
		<id name="customerId" type="long">
			<generator class="assigned" />
		</id>
		<property name="companyId" type="com.liferay.portal.dao.orm.hibernate.LongType" />
		<property name="groupId" type="com.liferay.portal.dao.orm.hibernate.LongType" />
		<property name="userId" type="com.liferay.portal.dao.orm.hibernate.LongType" />
		<property name="userName" type="com.liferay.portal.dao.orm.hibernate.StringType" />
		<property name="createDate" type="org.hibernate.type.TimestampType" />
		<property name="modifiedDate" type="org.hibernate.type.TimestampType" />
		<property name="name" type="com.liferay.portal.dao.orm.hibernate.StringType" />
		<property name="street" type="com.liferay.portal.dao.orm.hibernate.StringType" />
		<property name="city" type="com.liferay.portal.dao.orm.hibernate.StringType" />
		<property name="zip" type="com.liferay.portal.dao.orm.hibernate.StringType" />
	</class>
	<class name="org.xmlportletfactory.olafk.customer.model.impl.InvoicesImpl" table="customer_Invoices">
		<cache usage="read-write" />
		<id name="invoiceId" type="long">
			<generator class="assigned" />
		</id>
		<property name="companyId" type="com.liferay.portal.dao.orm.hibernate.LongType" />
		<property name="groupId" type="com.liferay.portal.dao.orm.hibernate.LongType" />
		<property name="userId" type="com.liferay.portal.dao.orm.hibernate.LongType" />
		<property name="userName" type="com.liferay.portal.dao.orm.hibernate.StringType" />
		<property name="createDate" type="org.hibernate.type.TimestampType" />
		<property name="modifiedDate" type="org.hibernate.type.TimestampType" />
		<property name="customerId" type="com.liferay.portal.dao.orm.hibernate.LongType" />
		<property name="date" type="org.hibernate.type.TimestampType" column="date_" />
		<property name="amount" type="com.liferay.portal.dao.orm.hibernate.LongType" />
		<property name="paid" type="com.liferay.portal.dao.orm.hibernate.BooleanType" />
	</class>
</hibernate-mapping>