<?xml version="1.0"?>

<entity-mappings xmlns="http://java.sun.com/xml/ns/persistence/orm" xmlns:xsi="http://www.w3.org/2001/XMLSchema-instance" version="1.0" xsi:schemaLocation="http://java.sun.com/xml/ns/persistence/orm http://java.sun.com/xml/ns/persistence/orm_1_0.xsd">
	<persistence-unit-metadata>
		<xml-mapping-metadata-complete/>
		<persistence-unit-defaults>
			<access>PROPERTY</access>
		</persistence-unit-defaults>
	</persistence-unit-metadata>
	<mapped-superclass class="org.xmlportletfactory.olafk.customer.model.impl.CustomerModelImpl">
		<attributes>
			<id name="customerId" />
			<basic name="companyId" />
			<basic name="groupId" />
			<basic name="userId" />
			<basic name="userName" />
			<basic name="createDate">
				<temporal>TIMESTAMP</temporal>
			</basic>
			<basic name="modifiedDate">
				<temporal>TIMESTAMP</temporal>
			</basic>
			<basic name="name" />
			<basic name="street" />
			<basic name="city" />
			<basic name="zip" />
			<transient name="modelAttributes" />
			<transient name="primaryKey" />
			<transient name="primaryKeyObj" />
			<transient name="userUuid" />
		</attributes>
	</mapped-superclass>
	<mapped-superclass class="org.xmlportletfactory.olafk.customer.model.impl.InvoicesModelImpl">
		<attributes>
			<id name="invoiceId" />
			<basic name="companyId" />
			<basic name="groupId" />
			<basic name="userId" />
			<basic name="userName" />
			<basic name="createDate">
				<temporal>TIMESTAMP</temporal>
			</basic>
			<basic name="modifiedDate">
				<temporal>TIMESTAMP</temporal>
			</basic>
			<basic name="customerId" />
			<basic name="date">
				<column name="DATE_" />
				<temporal>TIMESTAMP</temporal>
			</basic>
			<basic name="amount" />
			<basic name="paid" />
			<transient name="modelAttributes" />
			<transient name="primaryKey" />
			<transient name="primaryKeyObj" />
			<transient name="userUuid" />
		</attributes>
	</mapped-superclass>
	<entity class="org.xmlportletfactory.olafk.customer.model.impl.CustomerImpl" name="Customer">
		<table name="customer_Customer" />
		<attributes />
	</entity>
	<entity class="org.xmlportletfactory.olafk.customer.model.impl.InvoicesImpl" name="Invoices">
		<table name="customer_Invoices" />
		<attributes />
	</entity>
</entity-mappings>