<?xml version="1.0" encoding="UTF-8"?>

<resource-action-mapping>
	<portlet-resource>
		<portlet-name>Customer</portlet-name>
		<supports>
			<action-key>CONFIGURATION</action-key>
			<action-key>VIEW</action-key>
		</supports>
		<site-member-defaults>
			<action-key>VIEW</action-key>
		</site-member-defaults>
		<guest-defaults>
			<action-key>VIEW</action-key>
		</guest-defaults>
		<guest-unsupported/>
	</portlet-resource>
	<model-resource>
		<model-name>org.xmlportletfactory.olafk.customer.Customer</model-name>
		<portlet-ref>
			<portlet-name>Customer</portlet-name>
		</portlet-ref>
		<supports>
			<action-key>ADD_CUSTOMER</action-key>
			<action-key>PERMISSIONS</action-key>
		</supports>
		<site-member-defaults/>
		<guest-defaults/>
		<guest-unsupported>
			<action-key>ADD_CUSTOMER</action-key>
			<action-key>PERMISSIONS</action-key>
		</guest-unsupported>
	</model-resource>
	<model-resource>
		<model-name>org.xmlportletfactory.olafk.customer.model.Customer</model-name>
		<portlet-ref>
			<portlet-name>Customer</portlet-name>
		</portlet-ref>
		<supports>
			<action-key>DELETE</action-key>
			<action-key>PERMISSIONS</action-key>
			<action-key>UPDATE</action-key>
			<action-key>VIEW</action-key>
		</supports>
		<site-member-defaults>
			<action-key>DELETE</action-key>
			<action-key>UPDATE</action-key>
			<action-key>VIEW</action-key>
		</site-member-defaults>
		<guest-defaults>
			<action-key>VIEW</action-key>
		</guest-defaults>
		<guest-unsupported>
			<action-key>PERMISSIONS</action-key>
		</guest-unsupported>
	</model-resource>
	<portlet-resource>
		<portlet-name>Invoices</portlet-name>
		<supports>
			<action-key>CONFIGURATION</action-key>
			<action-key>VIEW</action-key>
		</supports>
		<site-member-defaults>
			<action-key>VIEW</action-key>
		</site-member-defaults>
		<guest-defaults>
			<action-key>VIEW</action-key>
		</guest-defaults>
		<guest-unsupported/>
	</portlet-resource>
	<model-resource>
		<model-name>org.xmlportletfactory.olafk.customer.Invoices</model-name>
		<portlet-ref>
			<portlet-name>Invoices</portlet-name>
		</portlet-ref>
		<supports>
			<action-key>ADD_INVOICES</action-key>
			<action-key>PERMISSIONS</action-key>
		</supports>
		<site-member-defaults/>
		<guest-defaults/>
		<guest-unsupported>
			<action-key>ADD_INVOICES</action-key>
			<action-key>PERMISSIONS</action-key>
		</guest-unsupported>
	</model-resource>
	<model-resource>
		<model-name>org.xmlportletfactory.olafk.customer.model.Invoices</model-name>
		<portlet-ref>
			<portlet-name>Invoices</portlet-name>
		</portlet-ref>
		<supports>
			<action-key>DELETE</action-key>
			<action-key>PERMISSIONS</action-key>
			<action-key>UPDATE</action-key>
			<action-key>VIEW</action-key>
		</supports>
		<site-member-defaults>
			<action-key>DELETE</action-key>
			<action-key>UPDATE</action-key>
			<action-key>VIEW</action-key>
		</site-member-defaults>
		<guest-defaults>
			<action-key>VIEW</action-key>
		</guest-defaults>
		<guest-unsupported>
			<action-key>PERMISSIONS</action-key>
		</guest-unsupported>
	</model-resource>
</resource-action-mapping>
